{"Test Error": 0.30498385573255604, "_timestamp": 1675237773.260839, "_runtime": 6312.731739997864, "_step": 1504, "Train AUC": 0.8289585428365551, "Test AUC": 0.7426298394711992, "Val AUC": 0.79287396470059, "gradients/fc4.bias": {"_type": "histogram", "values": [1.0, 0.0, 0.0, 0.0, 0.0, 0.0, 0.0, 0.0, 0.0, 0.0, 0.0, 0.0, 0.0, 0.0, 0.0, 0.0, 0.0, 0.0, 0.0, 0.0, 0.0, 0.0, 0.0, 0.0, 0.0, 0.0, 0.0, 0.0, 0.0, 0.0, 0.0, 0.0, 0.0, 0.0, 0.0, 0.0, 0.0, 0.0, 0.0, 0.0, 0.0, 0.0, 0.0, 0.0, 0.0, 0.0, 0.0, 0.0, 0.0, 0.0, 0.0, 0.0, 0.0, 0.0, 0.0, 0.0, 0.0, 0.0, 0.0, 0.0, 0.0, 0.0, 0.0, 1.0], "bins": [-0.009095808491110802, -0.008812363259494305, -0.008528918027877808, -0.00824547279626131, -0.007962027564644814, -0.0076785823330283165, -0.007395137567073107, -0.00711169233545661, -0.006828247103840113, -0.006544801872223616, -0.006261356640607119, -0.005977911408990622, -0.005694466643035412, -0.005411021411418915, -0.005127576179802418, -0.004844130948185921, -0.004560685716569424, -0.004277240484952927, -0.00399379525333643, -0.003710350254550576, -0.003426905022934079, -0.003143459791317582, -0.0028600147925317287, -0.0025765695609152317, -0.0022931243292987347, -0.0020096790976822376, -0.0017262339824810624, -0.0014427888672798872, -0.0011593436356633902, -0.0008758984040468931, -0.0005924532888457179, -0.0003090081736445427, -2.5562942028045654e-05, 0.00025788223138079047, 0.0005413274047896266, 0.0008247725781984627, 0.0011082177516072989, 0.0013916629832237959, 0.001675108098424971, 0.0019585532136261463, 0.0022419984452426434, 0.0025254436768591404, 0.0028088889084756374, 0.003092333907261491, 0.003375779138877988, 0.003659224370494485, 0.003942669369280338, 0.004226114600896835, 0.004509559832513332, 0.004793005064129829, 0.0050764502957463264, 0.0053598955273628235, 0.0056433407589793205, 0.0059267859905958176, 0.006210230756551027, 0.006493675988167524, 0.006777121219784021, 0.007060566451400518, 0.0073440116830170155, 0.0076274569146335125, 0.007910901680588722, 0.00819434691220522, 0.008477792143821716, 0.008761237375438213, 0.00904468260705471]}, "gradients/fc4.weight": {"_type": "histogram", "values": [1.0, 0.0, 0.0, 1.0, 0.0, 0.0, 0.0, 0.0, 0.0, 1.0, 1.0, 0.0, 1.0, 1.0, 4.0, 2.0, 0.0, 2.0, 0.0, 0.0, 0.0, 2.0, 1.0, 2.0, 1.0, 3.0, 1.0, 2.0, 2.0, 3.0, 5.0, 10.0, 45.0, 4.0, 5.0, 2.0, 2.0, 0.0, 4.0, 1.0, 2.0, 1.0, 2.0, 0.0, 0.0, 0.0, 2.0, 0.0, 2.0, 3.0, 2.0, 1.0, 0.0, 1.0, 1.0, 0.0, 0.0, 0.0, 0.0, 0.0, 1.0, 0.0, 0.0, 1.0], "bins": [-0.00664273276925087, -0.0064357309602200985, -0.00622872868552804, -0.006021726876497269, -0.00581472460180521, -0.005607722792774439, -0.005400720983743668, -0.005193718709051609, -0.0049867164343595505, -0.004779714625328779, -0.004572712350636721, -0.004365710541605949, -0.004158708266913891, -0.00395170645788312, -0.0037447044160217047, -0.0035377023741602898, -0.0033307005651295185, -0.0031236985232681036, -0.0029166964814066887, -0.0027096946723759174, -0.002502692397683859, -0.0022956905886530876, -0.0020886885467916727, -0.0018816865049302578, -0.0016746844630688429, -0.001467682421207428, -0.001260680379346013, -0.00105367845389992, -0.0008466764120385051, -0.0006396743701770902, -0.0004326724447309971, -0.00022567040286958218, -1.8668361008167267e-05, 0.00018833365174941719, 0.00039533566450700164, 0.0006023376481607556, 0.0008093396900221705, 0.0010163417318835855, 0.0012233436573296785, 0.0014303456991910934, 0.0016373477410525084, 0.0018443497829139233, 0.002051351824775338, 0.002258353866636753, 0.0024653556756675243, 0.002672357950359583, 0.002879359759390354, 0.003086361801251769, 0.003293363843113184, 0.003500365884974599, 0.003707367926836014, 0.003914369735866785, 0.004121372010558844, 0.004328373819589615, 0.004535376094281673, 0.004742377903312445, 0.004949379712343216, 0.005156381521373987, 0.005363383796066046, 0.005570385605096817, 0.005777387879788876, 0.005984389688819647, 0.006191391497850418, 0.006398393772542477, 0.006605396047234535]}, "gradients/fc3.0.bias": {"_type": "histogram", "values": [1.0, 0.0, 0.0, 0.0, 0.0, 0.0, 1.0, 0.0, 0.0, 0.0, 0.0, 0.0, 0.0, 1.0, 0.0, 0.0, 0.0, 0.0, 0.0, 0.0, 0.0, 0.0, 1.0, 2.0, 1.0, 0.0, 1.0, 2.0, 0.0, 1.0, 1.0, 0.0, 0.0, 1.0, 1.0, 1.0, 1.0, 1.0, 0.0, 1.0, 0.0, 0.0, 1.0, 1.0, 1.0, 1.0, 1.0, 0.0, 3.0, 0.0, 0.0, 1.0, 0.0, 1.0, 2.0, 0.0, 2.0, 18.0, 8.0, 3.0, 1.0, 1.0, 0.0, 1.0], "bins": [-0.005073737818747759, -0.004985886160284281, -0.004898034501820803, -0.004810182843357325, -0.0047223311848938465, -0.004634479526430368, -0.004546628333628178, -0.0044587766751646996, -0.0043709250167012215, -0.004283073358237743, -0.004195221699774265, -0.004107370041310787, -0.004019518382847309, -0.003931666724383831, -0.0038438152987509966, -0.0037559636402875185, -0.0036681117489933968, -0.0035802600905299187, -0.0034924084320664406, -0.0034045567736029625, -0.003316705347970128, -0.00322885368950665, -0.003141002031043172, -0.003053150372579694, -0.0029652989469468594, -0.0028774472884833813, -0.002789595630019903, -0.002701743971556425, -0.0026138925459235907, -0.0025260408874601126, -0.0024381892289966345, -0.0023503375705331564, -0.0022624856792390347, -0.0021746340207755566, -0.0020867823623120785, -0.0019989307038486004, -0.0019110791618004441, -0.0018232276197522879, -0.0017353759612888098, -0.0016475243028253317, -0.0015596728771924973, -0.0014718212187290192, -0.001383969676680863, -0.0012961180182173848, -0.0012082663597539067, -0.0011204148177057505, -0.0010325631592422724, -0.0009447115007787943, -0.0008568598423153162, -0.000769008242059499, -0.0006811565835960209, -0.0005933049833402038, -0.0005054533248767257, -0.0004176017246209085, -0.0003297501243650913, -0.00024189846590161324, -0.00015404686564579606, -6.619524356210604e-05, 2.1656378521583974e-05, 0.00010950799332931638, 0.000197359622688964, 0.00028521125204861164, 0.0003730628523044288, 0.0004609145107679069, 0.0005487661110237241]}, "gradients/fc3.0.weight": {"_type": "histogram", "values": [1.0, 0.0, 0.0, 0.0, 0.0, 1.0, 0.0, 2.0, 0.0, 0.0, 1.0, 0.0, 0.0, 0.0, 1.0, 1.0, 1.0, 1.0, 1.0, 0.0, 0.0, 0.0, 2.0, 2.0, 2.0, 3.0, 5.0, 9.0, 4.0, 3.0, 7.0, 6.0, 8.0, 14.0, 12.0, 13.0, 22.0, 26.0, 21.0, 25.0, 35.0, 30.0, 45.0, 50.0, 55.0, 56.0, 67.0, 63.0, 88.0, 92.0, 133.0, 147.0, 203.0, 202.0, 441.0, 5953.0, 254.0, 63.0, 15.0, 1.0, 4.0, 0.0, 0.0, 1.0], "bins": [-0.0026797351893037558, -0.0026315338909626007, -0.0025833325926214457, -0.0025351315271109343, -0.002486930228769779, -0.002438728930428624, -0.002390527632087469, -0.0023423265665769577, -0.0022941252682358027, -0.0022459239698946476, -0.0021977226715534925, -0.002149521606042981, -0.002101320307701826, -0.002053119009360671, -0.002004917711019516, -0.0019567166455090046, -0.0019085152307525277, -0.0018603139324113727, -0.0018121127504855394, -0.0017639114521443844, -0.0017157102702185512, -0.001667508971877396, -0.0016193077899515629, -0.0015711064916104078, -0.0015229051932692528, -0.0014747038949280977, -0.0014265027130022645, -0.0013783014146611094, -0.0013301002327352762, -0.0012818989343941212, -0.0012336976360529661, -0.001185496454127133, -0.0011372953886166215, -0.0010890940902754664, -0.0010408929083496332, -0.0009926916100084782, -0.0009444904280826449, -0.0008962891297414899, -0.0008480878896079957, -0.0007998866494745016, -0.0007516854093410075, -0.0007034841692075133, -0.0006552829290740192, -0.0006070816889405251, -0.00055888039059937, -0.0005106792086735368, -0.0004624779103323817, -0.0004142766701988876, -0.00036607543006539345, -0.0003178741899318993, -0.00026967294979840517, -0.00022147168056108057, -0.00017327044042758644, -0.0001250692002940923, -7.68679310567677e-05, -2.8666690923273563e-05, 1.9534549210220575e-05, 6.773579661967233e-05, 0.00011593704402912408, 0.00016413829871453345, 0.0002123395388480276, 0.0002605407789815217, 0.0003087420482188463, 0.00035694328835234046, 0.0004051445284858346]}, "gradients/fc2.0.bias": {"_type": "histogram",