{"Train Loss": 0.09449449782941413, "_timestamp": 1674556019.141558, "_runtime": 4144.110728025436, "_step": 1805, "Meta Train Loss": 1.2670414801693388, "Train AUC": 0.8627248340142837, "Meta Train AUC": 0.8964, "Validation Loss": 0.1652167860240398, "Val AUC": 0.7747933401148176, "_wandb": {"runtime": 4143}}