{"Test Error": 0.30414736028217193, "_timestamp": 1673340468.4493155, "_runtime": 5816.541055440903, "_step": 1504, "Train AUC": 0.837830409714792, "Test AUC": 0.7594050991501418, "Val AUC": 0.7884946151200021, "gradients/fc4.bias": {"_type": "histogram", "values": [1.0, 0.0, 0.0, 0.0, 0.0, 0.0, 0.0, 0.0, 0.0, 0.0, 0.0, 0.0, 0.0, 0.0, 0.0, 0.0, 0.0, 0.0, 0.0, 0.0, 0.0, 0.0, 0.0, 0.0, 0.0, 0.0, 0.0, 0.0, 0.0, 0.0, 0.0, 0.0, 0.0, 0.0, 0.0, 0.0, 0.0, 0.0, 0.0, 0.0, 0.0, 0.0, 0.0, 0.0, 0.0, 0.0, 0.0, 0.0, 0.0, 0.0, 0.0, 0.0, 0.0, 0.0, 0.0, 0.0, 0.0, 0.0, 0.0, 0.0, 0.0, 0.0, 0.0, 1.0], "bins": [-0.007651567459106445, -0.007412304170429707, -0.007173041347414255, -0.006933778058737516, -0.006694514770060778, -0.006455251947045326, -0.0062159886583685875, -0.005976725369691849, -0.00573746208101511, -0.005498198792338371, -0.00525893596932292, -0.005019672680646181, -0.004780409391969442, -0.004541146568953991, -0.004301883280277252, -0.0040626199916005135, -0.0038233569357544184, -0.0035840938799083233, -0.0033448305912315845, -0.0031055675353854895, -0.0028663042467087507, -0.0026270411908626556, -0.002387777902185917, -0.002148514846339822, -0.001909251674078405, -0.001669988501816988, -0.001430725329555571, -0.0011914621572941542, -0.0009521990432403982, -0.0007129359291866422, -0.00047367275692522526, -0.00023440958466380835, 4.853587597608566e-06, 0.00024411674530711025, 0.00048337990301661193, 0.0007226430461741984, 0.0009619062184356153, 0.0012011693324893713, 0.0014404325047507882, 0.0016796956770122051, 0.001918958849273622, 0.002158222021535039, 0.002397485077381134, 0.0026367483660578728, 0.002876011421903968, 0.003115274477750063, 0.0033545377664268017, 0.0035938010551035404, 0.0038330641109496355, 0.004072327166795731, 0.004311590455472469, 0.004550853744149208, 0.0047901165671646595, 0.005029379855841398, 0.005268643144518137, 0.005507905967533588, 0.005747169256210327, 0.005986432544887066, 0.006225695367902517, 0.006464958656579256, 0.006704221945255995, 0.006943484768271446, 0.007182748056948185, 0.007422011345624924, 0.0076612746343016624]}, "gradients/fc4.weight": {"_type": "histogram", "values": [1.0, 0.0, 0.0, 0.0, 0.0, 2.0, 0.0, 1.0, 0.0, 0.0, 0.0, 3.0, 1.0, 0.0, 0.0, 2.0, 2.0, 0.0, 0.0, 5.0, 3.0, 2.0, 1.0, 0.0, 0.0, 0.0, 2.0, 1.0, 2.0, 0.0, 8.0, 32.0, 24.0, 8.0, 0.0, 2.0, 1.0, 2.0, 0.0, 0.0, 0.0, 1.0, 2.0, 3.0, 5.0, 0.0, 0.0, 2.0, 2.0, 0.0, 0.0, 1.0, 3.0, 0.0, 0.0, 0.0, 1.0, 0.0, 2.0, 0.0, 0.0, 0.0, 0.0, 1.0], "bins": [-0.005390322767198086, -0.005221768282353878, -0.00505321379750967, -0.0048846593126654625, -0.004716104827821255, -0.00454754987731576, -0.004378995392471552, -0.004210440907627344, -0.004041886422783136, -0.0038733319379389286, -0.003704777453094721, -0.0035362227354198694, -0.0033676682505756617, -0.003199113765731454, -0.0030305590480566025, -0.0028620045632123947, -0.002693450078368187, -0.002524895593523979, -0.0023563411086797714, -0.00218778639100492, -0.0020192319061607122, -0.0018506774213165045, -0.0016821228200569749, -0.0015135682187974453, -0.0013450137339532375, -0.0011764592491090298, -0.0010079046478495002, -0.0008393501047976315, -0.0006707955617457628, -0.0005022410186938941, -0.00033368647564202547, -0.00016513187438249588, 3.422144800424576e-06, 0.00017197668785229325, 0.00034053123090416193, 0.0005090857739560306, 0.0006776403170078993, 0.000846194860059768, 0.0010147494031116366, 0.0011833040043711662, 0.001351858489215374, 0.0015204129740595818, 0.0016889675753191113, 0.001857522176578641, 0.0020260766614228487, 0.0021946311462670565, 0.002363185863941908, 0.0025317403487861156, 0.0027002948336303234, 0.002868849318474531, 0.003037403803318739, 0.0032059585209935904, 0.003374513005837798, 0.003543067490682006, 0.0037116222083568573, 0.003880176693201065, 0.004048731178045273, 0.004217285662889481, 0.004385840147733688, 0.004554394632577896, 0.004722949117422104, 0.004891504067927599, 0.005060058552771807, 0.0052286130376160145, 0.005397167522460222]}, "gradients/fc3.0.bias": {"_type": "histogram", "values": [1.0, 0.0, 0.0, 0.0, 1.0, 0.0, 0.0, 0.0, 1.0, 0.0, 0.0, 0.0, 0.0, 1.0, 0.0, 1.0, 0.0, 0.0, 0.0, 1.0, 0.0, 1.0, 1.0, 0.0, 0.0, 0.0, 1.0, 1.0, 0.0, 0.0, 3.0, 0.0, 1.0, 2.0, 0.0, 2.0, 0.0, 2.0, 0.0, 2.0, 1.0, 0.0, 0.0, 0.0, 1.0, 0.0, 0.0, 2.0, 0.0, 1.0, 0.0, 0.0, 0.0, 2.0, 1.0, 1.0, 1.0, 3.0, 13.0, 7.0, 5.0, 2.0, 0.0, 2.0], "bins": [-0.004696765914559364, -0.004616483114659786, -0.004536200314760208, -0.00445591751486063, -0.004375634714961052, -0.004295351915061474, -0.004215069115161896, -0.004134786315262318, -0.0040545035153627396, -0.0039742207154631615, -0.0038939379155635834, -0.0038136551156640053, -0.003733372315764427, -0.003653089515864849, -0.003572806715965271, -0.0034925236832350492, -0.0034122406505048275, -0.0033319578506052494, -0.0032516750507056713, -0.003171392250806093, -0.003091109450906515, -0.003010826651006937, -0.002930543851107359, -0.002850260818377137, -0.0027699782513082027, -0.0026896954514086246, -0.0026094126515090466, -0.0025291298516094685, -0.0024488470517098904, -0.0023685642518103123, -0.002288281451910734, -0.0022079984191805124, -0.0021277153864502907, -0.0020474325865507126, -0.0019671497866511345, -0.0018868669867515564, -0.0018065840704366565, -0.0017263012705370784, -0.0016460184706375003, -0.0015657355543226004, -0.001485452987253666, -0.0014051701873540878, -0.0013248873874545097, -0.0012446045875549316, -0.0011643216712400317, -0.0010840388713404536, -0.0010037560714408755, -0.0009234732133336365, -0.0008431903552263975, -0.0007629075553268194, -0.0006826246972195804, -0.0006023418973200023, -0.0005220590392127633, -0.0004417762393131852, -0.0003614934394136071, -0.0002812105813063681, -0.00020092778140679002, -0.00012064495967933908, -4.0362137951888144e-05, 3.992067649960518e-05, 0.00012020350550301373, 0.00020048633450642228, 0.0002807691344060004, 0.0003610519925132394, 0.0004413347924128175]}, "gradients/fc3.0.weight": {"_type": "histogram", "values": [1.0, 0.0, 3.0, 1.0, 0.0, 1.0, 3.0, 1.0, 3.0, 2.0, 2.0, 2.0, 5.0, 3.0, 1.0, 4.0, 5.0, 3.0, 4.0, 3.0, 6.0, 4.0, 7.0, 10.0, 8.0, 14.0, 9.0, 11.0, 13.0, 8.0, 16.0, 17.0, 24.0, 18.0, 26.0, 42.0, 36.0, 29.0, 34.0, 33.0, 51.0, 45.0, 48.0, 53.0, 56.0, 63.0, 69.0, 69.0, 88.0, 97.0, 108.0, 125.0, 165.0, 174.0, 322.0, 954.0, 4963.0, 197.0, 74.0, 26.0, 16.0, 6.0, 9.0, 2.0], "bins": [-0.0015742456307634711, -0.0015461972216144204, -0.0015181488124653697, -0.0014901005197316408, -0.00146205211058259, -0.0014340037014335394, -0.0014059552922844887, -0.001377906883135438, -0.0013498584739863873, -0.0013218100648373365, -0.0012937616556882858, -0.0012657132465392351, -0.0012376649538055062, -0.0012096165446564555, -0.0011815681355074048, -0.001153519726358354, -0.0011254714336246252, -0.0010974230244755745, -0.0010693746153265238, -0.001041326206177473, -0.0010132779134437442, -0.0009852295042946935, -0.0009571810951456428, -0.000929132685996592, -0.0009010842768475413, -0.0008730358676984906, -0.0008449875167571008, -0.0008169391076080501, -0.0007888906984589994, -0.0007608423475176096, -0.0007327939383685589, -0.0007047455292195082, -0.0006766971782781184, -0.0006486487691290677, -0.0006206004181876779, -0.0005925520090386271, -0.0005645035998895764, -0.0005364552489481866, -0.0005084068397991359, -0.00048035845975391567, -0.0004523100797086954, -0.00042426169966347516, -0.00039621329051442444, -0.0003681649104692042, -0.00034011653042398393, -0.0003120681503787637, -0.00028401974122971296, -0.0002559713611844927, -0.000227922952035442, -0.0001998745574383065, -0.00017182617739308625, -0.00014377778279595077, -0.0001157293954747729, -8.768100815359503e-05, -5.9632613556459546e-05, -3.158423351123929e-05, -3.535838914103806e-06, 2.4512550226063468e-05, 5.256093936623074e-05, 8.060933032538742e-05, 0.00010865771764656529, 0.00013670610496774316, 0.00016475449956487864, 0.0001928028796100989, 0.00022085127420723438]}, "gradients/fc2.0.bias": {"_type": "histogram",