{"Test Error": 0.3140900501759046, "_timestamp": 1673334270.4363492, "_runtime": 1114.7295591831207, "_step": 159, "Train AUC": 0.7786391985241288, "Test AUC": 0.7368201133144476, "Val AUC": 0.7752308750760764, "gradients/fc4.bias": {"_type": "histogram", "values": [1.0, 0.0, 0.0, 0.0, 0.0, 0.0, 0.0, 0.0, 0.0, 0.0, 0.0, 0.0, 0.0, 0.0, 0.0, 0.0, 0.0, 0.0, 0.0, 0.0, 0.0, 0.0, 0.0, 0.0, 0.0, 0.0, 0.0, 0.0, 0.0, 0.0, 0.0, 0.0, 0.0, 0.0, 0.0, 0.0, 0.0, 0.0, 0.0, 0.0, 0.0, 0.0, 0.0, 0.0, 0.0, 0.0, 0.0, 0.0, 0.0, 0.0, 0.0, 0.0, 0.0, 0.0, 0.0, 0.0, 0.0, 0.0, 0.0, 0.0, 0.0, 0.0, 0.0, 1.0], "bins": [-0.021024078130722046, -0.020367074757814407, -0.019710073247551918, -0.01905307173728943, -0.01839606836438179, -0.01773906499147415, -0.017082063481211662, -0.016425061970949173, -0.015768058598041534, -0.01511105615645647, -0.014454053714871407, -0.013797051273286343, -0.013140048831701279, -0.012483046390116215, -0.01182604394853115, -0.011169041506946087, -0.010512039065361023, -0.009855036623775959, -0.009198034182190895, -0.008541031740605831, -0.007884029299020767, -0.007227026857435703, -0.006570024415850639, -0.005913021974265575, -0.0052560195326805115, -0.0045990170910954475, -0.003942014649510384, -0.0032850122079253197, -0.0026280097663402557, -0.001971007324755192, -0.0013140048831701279, -0.0006570024415850639, 0.0, 0.0006570024415850639, 0.0013140048831701279, 0.001971007324755192, 0.0026280097663402557, 0.0032850122079253197, 0.003942014649510384, 0.0045990170910954475, 0.0052560195326805115, 0.005913021974265575, 0.006570024415850639, 0.007227026857435703, 0.007884029299020767, 0.008541031740605831, 0.009198034182190895, 0.009855036623775959, 0.010512039065361023, 0.011169041506946087, 0.01182604394853115, 0.012483046390116215, 0.013140048831701279, 0.013797051273286343, 0.014454053714871407, 0.01511105615645647, 0.015768058598041534, 0.016425061970949173, 0.017082063481211662, 0.01773906499147415, 0.01839606836438179, 0.01905307173728943, 0.019710073247551918, 0.020367074757814407, 0.021024078130722046]}, "gradients/fc4.weight": {"_type": "histogram", "values": [1.0, 0.0, 0.0, 1.0, 0.0, 0.0, 0.0, 0.0, 1.0, 1.0, 0.0, 0.0, 1.0, 1.0, 0.0, 2.0, 2.0, 1.0, 1.0, 2.0, 0.0, 0.0, 1.0, 2.0, 3.0, 1.0, 0.0, 1.0, 2.0, 2.0, 10.0, 21.0, 35.0, 10.0, 2.0, 2.0, 1.0, 0.0, 1.0, 3.0, 2.0, 1.0, 0.0, 0.0, 2.0, 1.0, 1.0, 2.0, 2.0, 0.0, 1.0, 1.0, 0.0, 0.0, 1.0, 1.0, 0.0, 0.0, 0.0, 0.0, 1.0, 0.0, 0.0, 1.0], "bins": [-0.01630472019314766, -0.01579519733786583, -0.015285675413906574, -0.014776153489947319, -0.01426663063466549, -0.01375710777938366, -0.013247585855424404, -0.012738063931465149, -0.012228541076183319, -0.01171901822090149, -0.011209496296942234, -0.010699974372982979, -0.010190451517701149, -0.00968092866241932, -0.009171406738460064, -0.008661884814500809, -0.008152361959218979, -0.007642839569598436, -0.007133317179977894, -0.006623794790357351, -0.006114272400736809, -0.005604750011116266, -0.005095227621495724, -0.004585705231875181, -0.004076182842254639, -0.003566660452634096, -0.0030571380630135536, -0.002547615673393011, -0.0020380932837724686, -0.001528570894151926, -0.0010190485045313835, -0.000509526114910841, -1.862645149230957e-09, 0.0005095205269753933, 0.0010190429165959358, 0.0015285653062164783, 0.002038087695837021, 0.0025476100854575634, 0.003057132475078106, 0.0035666548646986485, 0.004076177254319191, 0.0045856996439397335, 0.005095222033560276, 0.0056047444231808186, 0.006114266812801361, 0.006623789202421904, 0.007133311592042446, 0.007642833981662989, 0.008152356371283531, 0.008661879226565361, 0.009171401150524616, 0.009680923074483871, 0.010190445929765701, 0.010699968785047531, 0.011209490709006786, 0.011719012632966042, 0.012228535488247871, 0.012738058343529701, 0.013247580267488956, 0.013757102191448212, 0.014266625046730042, 0.014776147902011871, 0.015285669825971127, 0.015795191749930382, 0.01630471460521221]}, "gradients/fc3.0.bias": {"_type": "histogram", "values": [1.0, 1.0, 0.0, 0.0, 0.0, 0.0, 0.0, 0.0, 0.0, 0.0, 0.0, 0.0, 1.0, 0.0, 0.0, 0.0, 0.0, 1.0, 0.0, 0.0, 0.0, 1.0, 1.0, 1.0, 0.0, 0.0, 1.0, 1.0, 1.0, 1.0, 1.0, 0.0, 0.0, 1.0, 0.0, 0.0, 0.0, 0.0, 0.0, 0.0, 1.0, 0.0, 1.0, 1.0, 1.0, 1.0, 1.0, 0.0, 1.0, 1.0, 1.0, 0.0, 3.0, 3.0, 0.0, 2.0, 1.0, 1.0, 3.0, 15.0, 7.0, 4.0, 1.0, 2.0], "bins": [-0.011989755555987358, -0.011787968687713146, -0.011586181819438934, -0.011384394019842148, -0.011182607151567936, -0.010980820283293724, -0.010779033415019512, -0.0105772465467453, -0.010375459678471088, -0.010173672810196877, -0.009971885941922665, -0.009770099073648453, -0.009568311274051666, -0.009366524405777454, -0.009164737537503242, -0.00896295066922903, -0.008761162869632244, -0.008559376001358032, -0.00835758913308382, -0.008155802264809608, -0.007954014465212822, -0.00775222759693861, -0.007550440728664398, -0.007348653860390186, -0.007146866992115974, -0.0069450801238417625, -0.006743292789906263, -0.0065415059216320515, -0.00633971905335784, -0.00613793171942234, -0.0059361448511481285, -0.005734357982873917, -0.00553257018327713, -0.005330783315002918, -0.005128995981067419, -0.004927209112793207, -0.004725422244518995, -0.004523634910583496, -0.004321848042309284, -0.004120061174035072, -0.0039182743057608604, -0.003716487204656005, -0.003514700336381793, -0.0033129132352769375, -0.003111126134172082, -0.0029093390330672264, -0.0027075521647930145, -0.002505765063688159, -0.0023039779625833035, -0.002102190861478448, -0.0019004038767889142, -0.0016986168920993805, -0.001496829790994525, -0.0012950428063049912, -0.0010932558216154575, -0.000891468720510602, -0.0006896816776134074, -0.00048789463471621275, -0.0002861076209228486, -8.432060712948442e-05, 0.00011746643576771021, 0.00031925347866490483, 0.0005210404633544385, 0.0007228275644592941, 0.0009246145491488278]}, "gradients/fc3.0.weight": {"_type": "histogram", "values": [1.0, 0.0, 0.0, 0.0, 0.0, 0.0, 0.0, 0.0, 0.0, 0.0, 0.0, 0.0, 0.0, 0.0, 0.0, 0.0, 0.0, 1.0, 0.0, 1.0, 1.0, 1.0, 0.0, 1.0, 0.0, 1.0, 3.0, 3.0, 2.0, 3.0, 3.0, 4.0, 5.0, 4.0, 11.0, 4.0, 6.0, 9.0, 8.0, 10.0, 18.0, 12.0, 13.0, 9.0, 17.0, 19.0, 30.0, 32.0, 37.0, 48.0, 54.0, 50.0, 58.0, 63.0, 84.0, 122.0, 148.0, 241.0, 476.0, 6309.0, 218.0, 30.0, 17.0, 5.0], "bins": [-0.00780761893838644, -0.007676534354686737, -0.007545449770987034, -0.007414365187287331, -0.007283280603587627, -0.0071521964855492115, -0.007021111901849508, -0.006890027318149805, -0.006758942734450102, -0.006627858150750399, -0.006496773567050695, -0.006365688983350992, -0.006234604865312576, -0.006103520281612873, -0.00597243569791317, -0.005841351114213467, -0.005710266530513763, -0.00557918194681406, -0.005448097363114357, -0.005317012779414654, -0.0051859281957149506, -0.005054844077676535, -0.0049237594939768314, -0.004792674910277128, -0.004661590326577425, -0.004530505742877722, -0.004399421159178019, -0.004268336575478315, -0.0041372524574398994, -0.004006167873740196, -0.003875083290040493, -0.00374399870634079, -0.0036129141226410866, -0.0034818295389413834, -0.00335074495524168, -0.0032196606043726206, -0.0030885760206729174, -0.002957491436973214, -0.0028264070861041546, -0.0026953225024044514, -0.002564237918704748, -0.002433153335005045, -0.0023020687513053417, -0.002170984400436282, -0.002039899816736579, -0.0019088152330368757, -0.0017777307657524943, -0.001646646298468113, -0.0015155617147684097, -0.0013844771310687065, -0.0012533926637843251, -0.0011223081964999437, -0.0009912236128002405, -0.0008601390873081982, -0.0007290545618161559, -0.0005979700363241136, -0.0004668855108320713, -0.000335800985340029, -0.0002047164598479867, -7.36319343559444e-05, 5.745259113609791e-05, 0.0001885371166281402, 0.0003196216421201825, 0.0004507061676122248, 0.0005817906931042671]}, "gradients/fc2.0.bias": {"_type": "histogram",