{"Test Error": 0.21854010094537613, "_timestamp": 1670744034.2300422, "_runtime": 250.23340320587158, "_step": 303, "Train AUC": 0.3407847252186875, "Test AUC": 0.21758978709651355, "Val AUC": 0.230280951592427, "Loss in lower optimization level": 0.17897144398665984, "gradients/fc4.bias": {"_type": "histogram", "values": [1.0, 0.0, 0.0, 0.0, 0.0, 0.0, 0.0, 0.0, 0.0, 0.0, 0.0, 0.0, 0.0, 0.0, 0.0, 0.0, 0.0, 0.0, 0.0, 0.0, 0.0, 0.0, 0.0, 0.0, 0.0, 0.0, 0.0, 0.0, 0.0, 0.0, 0.0, 0.0, 0.0, 0.0, 0.0, 0.0, 0.0, 0.0, 0.0, 0.0, 0.0, 0.0, 0.0, 0.0, 0.0, 0.0, 0.0, 0.0, 0.0, 0.0, 0.0, 0.0, 0.0, 0.0, 0.0, 0.0, 0.0, 0.0, 0.0, 0.0, 0.0, 0.0, 0.0, 1.0], "bins": [-0.02823956497013569, -0.027357079088687897, -0.026474591344594955, -0.025592105463147163, -0.02470961958169937, -0.02382713183760643, -0.022944645956158638, -0.022062160074710846, -0.021179672330617905, -0.020297186449170113, -0.01941469870507717, -0.01853221282362938, -0.017649725079536438, -0.016767239198088646, -0.015884753316640854, -0.015002266503870487, -0.01411977969110012, -0.013237292878329754, -0.012354806065559387, -0.011472320184111595, -0.010589833371341228, -0.009707346558570862, -0.00882486067712307, -0.007942373864352703, -0.007059887051582336, -0.00617740023881197, -0.00529491389170289, -0.004412427544593811, -0.0035299407318234444, -0.0026474539190530777, -0.0017649675719439983, -0.000882481224834919, 7.450580596923828e-09, 0.0008824940305203199, 0.001764980610460043, 0.002647467190399766, 0.003529953770339489, 0.004412440583109856, 0.005294926930218935, 0.006177413277328014, 0.007059900090098381, 0.007942386902868748, 0.008824873715639114, 0.009707359597086906, 0.010589846409857273, 0.01147233322262764, 0.012354819104075432, 0.013237305916845798, 0.014119792729616165, 0.015002279542386532, 0.0158847663551569, 0.01676725223660469, 0.017649739980697632, 0.018532225862145424, 0.019414711743593216, 0.020297199487686157, 0.02117968536913395, 0.02206217125058174, 0.022944658994674683, 0.023827144876122475, 0.024709630757570267, 0.025592118501663208, 0.026474604383111, 0.027357090264558792, 0.028239578008651733]}, "gradients/fc4.weight": {"_type": "histogram", "values": [1.0, 0.0, 0.0, 0.0, 0.0, 0.0, 1.0, 0.0, 0.0, 0.0, 0.0, 0.0, 0.0, 0.0, 0.0, 0.0, 0.0, 0.0, 2.0, 1.0, 1.0, 1.0, 0.0, 1.0, 0.0, 1.0, 5.0, 2.0, 0.0, 9.0, 9.0, 18.0, 42.0, 9.0, 9.0, 0.0, 2.0, 5.0, 1.0, 0.0, 1.0, 0.0, 1.0, 1.0, 1.0, 2.0, 0.0, 0.0, 0.0, 0.0, 0.0, 0.0, 0.0, 0.0, 0.0, 0.0, 0.0, 1.0, 0.0, 0.0, 0.0, 0.0, 0.0, 1.0], "bins": [-0.06332428753376007, -0.06134540215134621, -0.05936652049422264, -0.05738763511180878, -0.05540875345468521, -0.05342986807227135, -0.05145098268985748, -0.04947210103273392, -0.04749321565032005, -0.04551433026790619, -0.04353544861078262, -0.04155656322836876, -0.039577677845954895, -0.03759879618883133, -0.035619910806417465, -0.0336410254240036, -0.031662143766880035, -0.02968326024711132, -0.027704376727342606, -0.02572549134492874, -0.023746607825160027, -0.02176772430539131, -0.019788838922977448, -0.017809955403208733, -0.015831071883440018, -0.013852188363671303, -0.011873303912580013, -0.009894419461488724, -0.007915535941720009, -0.005936652421951294, -0.003957767970860004, -0.001978883519768715, 7.450580596923828e-09, 0.001978891436010599, 0.003957775421440601, 0.0059366594068706036, 0.007915543392300606, 0.00989442691206932, 0.01187331136316061, 0.0138521958142519, 0.015831079334020615, 0.01780996285378933, 0.019788846373558044, 0.02176773175597191, 0.023746615275740623, 0.02572549879550934, 0.027704384177923203, 0.029683267697691917, 0.03166215121746063, 0.033641036599874496, 0.03561991825699806, 0.037598803639411926, 0.03957768529653549, 0.041556570678949356, 0.04353545606136322, 0.045514337718486786, 0.04749322310090065, 0.049472108483314514, 0.05145099014043808, 0.053429875522851944, 0.05540876090526581, 0.057387642562389374, 0.05936652794480324, 0.0613454133272171, 0.06332429498434067]}, "gradients/fc3.0.bias": {"_type": "histogram", "values": [1.0, 1.0, 0.0, 0.0, 0.0, 0.0, 1.0, 2.0, 0.0, 2.0, 0.0, 0.0, 2.0, 0.0, 1.0, 4.0, 18.0, 9.0, 3.0, 1.0, 2.0, 1.0, 2.0, 4.0, 2.0, 1.0, 0.0, 0.0, 1.0, 0.0, 0.0, 1.0, 0.0, 0.0, 1.0, 0.0, 0.0, 0.0, 0.0, 0.0, 0.0, 0.0, 0.0, 0.0, 0.0, 1.0, 0.0, 0.0, 0.0, 1.0, 0.0, 0.0, 0.0, 0.0, 0.0, 0.0, 0.0, 1.0, 0.0, 0.0, 0.0, 0.0, 0.0, 1.0], "bins": [-0.017651431262493134, -0.01658436842262745, -0.01551730651408434, -0.01445024460554123, -0.013383181765675545, -0.01231611892580986, -0.01124905701726675, -0.01018199510872364, -0.009114932268857956, -0.008047869428992271, -0.0069808075204491615, -0.005913745146244764, -0.004846682772040367, -0.00377962039783597, -0.0027125580236315727, -0.0016454956494271755, -0.0005784332752227783, 0.0004886290989816189, 0.001555691473186016, 0.0026227538473904133, 0.0036898162215948105, 0.004756878595799208, 0.005823940970003605, 0.006891003344208002, 0.0079580657184124, 0.009025128558278084, 0.010092190466821194, 0.011159252375364304, 0.012226315215229988, 0.013293378055095673, 0.014360439963638783, 0.015427501872181892, 0.016494564712047577, 0.01756162755191326, 0.018628690391778946, 0.01969575136899948, 0.020762814208865166, 0.02182987704873085, 0.022896938025951385, 0.02396400086581707, 0.025031063705682755, 0.02609812654554844, 0.027165189385414124, 0.02823225036263466, 0.029299313202500343, 0.030366376042366028, 0.03143343701958656, 0.0325005017220974, 0.03356756269931793, 0.03463462367653847, 0.0357016883790493, 0.036768749356269836, 0.03783581405878067, 0.038902875036001205, 0.03996993601322174, 0.041037000715732574, 0.04210406169295311, 0.043171122670173645, 0.04423818737268448, 0.045305248349905014, 0.04637230932712555, 0.04743937402963638, 0.04850643500685692, 0.04957349970936775, 0.05064056068658829]}, "gradients/fc3.0.weight": {"_type": "histogram", "values": [1.0, 0.0, 0.0, 0.0, 0.0, 0.0, 0.0, 2.0, 2.0, 2.0, 7.0, 5.0, 5.0, 12.0, 15.0, 31.0, 36.0, 54.0, 114.0, 261.0, 6760.0, 365.0, 146.0, 76.0, 65.0, 34.0, 30.0, 24.0, 27.0, 17.0, 23.0, 11.0, 10.0, 5.0, 8.0, 9.0, 5.0, 3.0, 6.0, 3.0, 3.0, 3.0, 2.0, 1.0, 1.0, 2.0, 0.0, 2.0, 0.0, 0.0, 1.0, 0.0, 0.0, 0.0, 0.0, 0.0, 0.0, 1.0, 0.0, 0.0, 0.0, 0.0, 0.0, 2.0], "bins": [-0.02308710291981697, -0.02197347953915596, -0.0208598542958498, -0.01974623091518879, -0.01863260567188263, -0.01751898229122162, -0.016405358910560608, -0.015291733667254448, -0.014178109355270863, -0.013064485043287277, -0.011950860731303692, -0.010837236419320107, -0.009723613038659096, -0.008609987795352936, -0.007496364414691925, -0.00638274010270834, -0.005269115790724754, -0.004155491478741169, -0.0030418673995882273, -0.0019282433204352856, -0.0008146190084517002, 0.00029900530353188515, 0.0014126291498541832, 0.0025262534618377686, 0.003639877773821354, 0.004753502085804939, 0.005867126397788525, 0.006980750244110823, 0.00809437409043312, 0.00920799933373928, 0.010321622714400291, 0.011435247026383877, 0.012548871338367462, 0.013662495650351048, 0.014776119962334633, 0.015889743342995644, 0.017003368586301804, 0.018116991966962814, 0.019230615347623825, 0.020344240590929985, 0.021457865834236145, 0.022571489214897156, 0.023685114458203316, 0.024798737838864326, 0.025912363082170486, 0.027025986462831497, 0.028139609843492508, 0.029253235086798668, 0.03036685846745968, 0.03148048371076584, 0.03259410709142685, 0.03370773047208786, 0.03482135385274887, 0.03593498095870018, 0.03704860433936119, 0.0381622277200222, 0.03927585110068321, 0.04038947448134422, 0.041503097862005234, 0.04261672496795654, 0.043730348348617554, 0.044843971729278564, 0.045957595109939575, 0.047071218490600586, 0.048184845596551895]}, "gradients/fc2.0.bias": {"_type": "histogram", "values": [3.0, 0.0, 0.0, 1.0, 0.0, 1.0, 0.0, 0.0, 1.0, 3.0, 1.0, 3.0, 3.0, 7.0, 0.0, 1.0, 3.0, 6.0, 48.0, 11.0, 5.0, 2.0, 3.0, 3.0, 1.0, 2.0, 3.0, 0.0, 2.0, 0.0, 0.0, 1.0, 0.0, 3.0, 1.0, 1.0, 1.0, 1.0, 0.0, 0.0, 1.0, 0.0, 1.0, 1.0, 0.0, 0.0, 0.0, 0.0, 0.0, 1.0, 0.0, 0.0, 0.0, 0.0, 0.0, 1.0, 0.0, 0.0, 0.0, 1.0, 0.0, 0.0, 0.0, 1.0],