{"Test Error": 0.24187984907730528, "_timestamp": 1670745502.8426344, "_runtime": 1361.7817964553833, "_step": 1504, "Train AUC": 0.6235943853868382, "Test AUC": 0.6815739506322466, "Val AUC": 0.7783297455428603, "Loss in lower optimization level": 0.1684637617723926, "gradients/fc4.bias": {"_type": "histogram", "values": [1.0, 0.0, 0.0, 0.0, 0.0, 0.0, 0.0, 0.0, 0.0, 0.0, 0.0, 0.0, 0.0, 0.0, 0.0, 0.0, 0.0, 0.0, 0.0, 0.0, 0.0, 0.0, 0.0, 0.0, 0.0, 0.0, 0.0, 0.0, 0.0, 0.0, 0.0, 0.0, 0.0, 0.0, 0.0, 0.0, 0.0, 0.0, 0.0, 0.0, 0.0, 0.0, 0.0, 0.0, 0.0, 0.0, 0.0, 0.0, 0.0, 0.0, 0.0, 0.0, 0.0, 0.0, 0.0, 0.0, 0.0, 0.0, 0.0, 0.0, 0.0, 0.0, 0.0, 1.0], "bins": [-0.003461785614490509, -0.0033536595292389393, -0.003245533211156726, -0.003137407125905156, -0.0030292808078229427, -0.002921154722571373, -0.0028130286373198032, -0.0027049025520682335, -0.00259677623398602, -0.0024886501487344503, -0.002380523830652237, -0.002272397745400667, -0.0021642716601490974, -0.002056145342066884, -0.0019480192568153143, -0.0018398930551484227, -0.0017317668534815311, -0.0016236406518146396, -0.001515514450147748, -0.0014073883648961782, -0.0012992621632292867, -0.001191135961562395, -0.0010830098763108253, -0.0009748836746439338, -0.0008667574729770422, -0.0007586312713101506, -0.00065050512785092, -0.0005423789843916893, -0.0004342527827247977, -0.00032612658105790615, -0.0002180004375986755, -0.00010987429413944483, -1.7480924725532532e-06, 0.00010637808009050786, 0.00021450425265356898, 0.0003226304252166301, 0.0004307565977796912, 0.0005388827994465828, 0.0006470089429058135, 0.0007551350863650441, 0.0008632612880319357, 0.0009713874896988273, 0.0010795136913657188, 0.0011876397766172886, 0.0012957659782841802, 0.0014038921799510717, 0.0015120182652026415, 0.001620144466869533, 0.0017282706685364246, 0.0018363968702033162, 0.0019445230718702078, 0.0020526491571217775, 0.002160775475203991, 0.0022689015604555607, 0.0023770276457071304, 0.0024851537309587, 0.0025932800490409136, 0.0027014061342924833, 0.0028095324523746967, 0.0029176585376262665, 0.0030257846228778362, 0.0031339109409600496, 0.0032420370262116194, 0.0033501633442938328, 0.0034582894295454025]}, "gradients/fc4.weight": {"_type": "histogram", "values": [2.0, 1.0, 0.0, 1.0, 0.0, 0.0, 1.0, 1.0, 0.0, 1.0, 0.0, 0.0, 1.0, 1.0, 1.0, 1.0, 4.0, 2.0, 1.0, 0.0, 1.0, 0.0, 0.0, 0.0, 2.0, 1.0, 3.0, 3.0, 2.0, 4.0, 8.0, 15.0, 28.0, 9.0, 4.0, 2.0, 3.0, 3.0, 1.0, 2.0, 0.0, 0.0, 0.0, 1.0, 0.0, 1.0, 2.0, 4.0, 1.0, 1.0, 1.0, 1.0, 0.0, 0.0, 1.0, 0.0, 1.0, 1.0, 0.0, 0.0, 1.0, 0.0, 1.0, 2.0], "bins": [-0.02021794393658638, -0.01958645135164261, -0.018954960629343987, -0.018323469907045364, -0.017691977322101593, -0.01706048473715782, -0.0164289940148592, -0.015797503292560577, -0.015166010707616806, -0.01453451905399561, -0.013903027400374413, -0.013271535746753216, -0.012640044093132019, -0.012008552439510822, -0.011377060785889626, -0.010745569132268429, -0.010114077478647232, -0.009482585825026035, -0.008851094171404839, -0.008219602517783642, -0.007588110864162445, -0.006956619210541248, -0.006325127556920052, -0.005693635903298855, -0.005062144249677658, -0.004430652596056461, -0.0037991609424352646, -0.003167669288814068, -0.002536177635192871, -0.0019046859815716743, -0.0012731943279504776, -0.0006417026743292809, -1.0212883353233337e-05, 0.0006212787702679634, 0.0012527704238891602, 0.001884262077510357, 0.0025157537311315536, 0.0031472453847527504, 0.003778737038373947, 0.004410228691995144, 0.005041720345616341, 0.005673211999237537, 0.006304703652858734, 0.006936195306479931, 0.007567686960101128, 0.008199178613722324, 0.008830670267343521, 0.009462161920964718, 0.010093653574585915, 0.010725145228207111, 0.011356636881828308, 0.011988128535449505, 0.012619620189070702, 0.013251111842691898, 0.013882603496313095, 0.014514095149934292, 0.015145586803555489, 0.01577707752585411, 0.016408570110797882, 0.017040062695741653, 0.017671553418040276, 0.018303044140338898, 0.01893453672528267, 0.01956602931022644, 0.020197520032525063]}, "gradients/fc3.0.bias": {"_type": "histogram", "values": [1.0, 0.0, 0.0, 0.0, 0.0, 0.0, 0.0, 0.0, 0.0, 0.0, 0.0, 0.0, 1.0, 1.0, 0.0, 1.0, 0.0, 0.0, 0.0, 0.0, 1.0, 0.0, 0.0, 2.0, 2.0, 2.0, 0.0, 0.0, 1.0, 0.0, 0.0, 2.0, 1.0, 1.0, 2.0, 0.0, 1.0, 4.0, 1.0, 2.0, 14.0, 8.0, 6.0, 2.0, 0.0, 0.0, 0.0, 1.0, 0.0, 0.0, 1.0, 1.0, 0.0, 2.0, 1.0, 0.0, 0.0, 0.0, 0.0, 0.0, 0.0, 0.0, 0.0, 2.0], "bins": [-0.01611364632844925, -0.01571633853018284, -0.015319031663239002, -0.014921723864972591, -0.014524416998028755, -0.014127109199762344, -0.013729801401495934, -0.013332494534552097, -0.012935186736285686, -0.012537878938019276, -0.01214057207107544, -0.011743264272809029, -0.011345957405865192, -0.010948649607598782, -0.010551342740654945, -0.010154034942388535, -0.009756727144122124, -0.009359419345855713, -0.008962112478911877, -0.008564804680645466, -0.00816749781370163, -0.007770190015435219, -0.007372882682830095, -0.006975575350224972, -0.0065782684832811356, -0.006180961150676012, -0.0057836538180708885, -0.005386346019804478, -0.004989038687199354, -0.004591731354594231, -0.004194424021989107, -0.00379711645655334, -0.003399808891117573, -0.0030025015585124493, -0.002605193993076682, -0.0022078866604715586, -0.0018105792114511132, -0.0014132717624306679, -0.0010159644298255444, -0.0006186568643897772, -0.00022134953178465366, 0.00017595788813196123, 0.0005732653080485761, 0.0009705726988613605, 0.001367880147881806, 0.0017651875969022512, 0.0021624949295073748, 0.002559802494943142, 0.0029571098275482655, 0.003354417160153389, 0.003751724725589156, 0.004149031825363636, 0.004546339623630047, 0.00494364695623517, 0.005340954288840294, 0.005738262087106705, 0.006135568954050541, 0.0065328762866556644, 0.006930183619260788, 0.007327491417527199, 0.007724798750132322, 0.008122106082737446, 0.008519412949681282, 0.008916720747947693, 0.009314028546214104]}, "gradients/fc3.0.weight": {"_type": "histogram", "values": [1.0, 0.0, 0.0, 2.0, 1.0, 2.0, 1.0, 2.0, 4.0, 4.0, 3.0, 5.0, 6.0, 18.0, 19.0, 24.0, 28.0, 41.0, 67.0, 81.0, 131.0, 182.0, 396.0, 6446.0, 415.0, 57.0, 38.0, 25.0, 18.0, 28.0, 24.0, 15.0, 9.0, 12.0, 11.0, 8.0, 13.0, 5.0, 4.0, 5.0, 4.0, 3.0, 4.0, 4.0, 5.0, 0.0, 2.0, 6.0, 1.0, 2.0, 1.0, 0.0, 1.0, 1.0, 0.0, 1.0, 1.0, 1.0, 0.0, 0.0, 1.0, 0.0, 0.0, 3.0], "bins": [-0.009413504973053932, -0.009018500335514545, -0.008623494766652584, -0.008228490129113197, -0.00783348549157381, -0.007438479922711849, -0.0070434752851724625, -0.006648470181971788, -0.006253465078771114, -0.00585845997557044, -0.0054634553380310535, -0.0050684502348303795, -0.004673445131629705, -0.004278440028429031, -0.0038834353908896446, -0.0034884302876889706, -0.003093425650149584, -0.0026984207797795534, -0.0023034156765788794, -0.001908410806208849, -0.0015134058194234967, -0.0011184008326381445, -0.0007233959622681141, -0.00032839085906744003, 6.661401130259037e-05, 0.00046161896898411214, 0.0008566239266656339, 0.0012516288552433252, 0.0016466338420286775, 0.0020416388288140297, 0.00243664369918406, 0.002831648802384734, 0.0032266536727547646, 0.003621658543124795, 0.004016663413494825, 0.004411668516695499, 0.0048066736198961735, 0.0052016787230968475, 0.005596683360636234, 0.005991688463836908, 0.006386693567037582, 0.0067816986702382565, 0.007176703307777643, 0.007571708410978317, 0.007966713048517704, 0.008361718617379665, 0.008756723254919052, 0.009151728823781013, 0.009546732529997826, 0.009941737167537212, 0.010336742736399174, 0.01073174737393856, 0.011126752011477947, 0.011521757580339909, 0.011916762217879295, 0.012311767786741257, 0.012706772424280643, 0.01310177706182003, 0.013496782630681992, 0.013891787268221378, 0.014286791905760765, 0.014681797474622726, 0.015076802112162113, 0.0154718067497015, 0.01586681231856346]}, "gradients/fc2.0.bias": {"_type": "histogram",