{"Train Loss": 0.13848397060371168, "_timestamp": 1673414191.6670377, "_runtime": 471.29249262809753, "_step": 1203, "Train AUC": 0.753837654781051, "Validation Loss": 0.23776082854556904, "Val AUC": 0.7047560422471327, "_wandb": {"runtime": 471}}