{"Train Loss": 0.13437115406603586, "_timestamp": 1671644209.1724715, "_runtime": 1589.0374245643616, "_step": 2003, "Meta Train Loss": 1.598897682928215, "Validation Loss": 0.23991723331613687, "Val AUC": 0.7015162314520832, "_wandb": {"runtime": 1588}}