{"Train Loss": 0.08003348128187623, "_timestamp": 1673375990.4205272, "_runtime": 1959.9520552158356, "_step": 1203, "Train AUC": 0.8665018661137337, "Validation Loss": 0.16426751167064346, "Val AUC": 0.7759771767979702, "_wandb": {"runtime": 1963}}