{"Loss": 0.2783092260360718, "_timestamp": 1671632303.4650543, "_runtime": 1690.4799852371216, "_step": 9017, "Meta-Loss": 1.638685703277588, "_wandb": {"runtime": 1690}}