{"Test Error": 0.3129359483402667, "_timestamp": 1675171300.202564, "_runtime": 6761.3859939575195, "_step": 1504, "Train AUC": 0.8315523181217995, "Test AUC": 0.7501440037771482, "Val AUC": 0.7918816649466803, "gradients/fc4.bias": {"_type": "histogram", "values": [1.0, 0.0, 0.0, 0.0, 0.0, 0.0, 0.0, 0.0, 0.0, 0.0, 0.0, 0.0, 0.0, 0.0, 0.0, 0.0, 0.0, 0.0, 0.0, 0.0, 0.0, 0.0, 0.0, 0.0, 0.0, 0.0, 0.0, 0.0, 0.0, 0.0, 0.0, 0.0, 0.0, 0.0, 0.0, 0.0, 0.0, 0.0, 0.0, 0.0, 0.0, 0.0, 0.0, 0.0, 0.0, 0.0, 0.0, 0.0, 0.0, 0.0, 0.0, 0.0, 0.0, 0.0, 0.0, 0.0, 0.0, 0.0, 0.0, 0.0, 0.0, 0.0, 0.0, 1.0], "bins": [-0.009029043838381767, -0.008747086860239506, -0.008465129882097244, -0.008183171972632408, -0.007901214994490147, -0.007619258016347885, -0.007337300572544336, -0.0070553431287407875, -0.006773386150598526, -0.0064914291724562645, -0.006209471728652716, -0.005927514284849167, -0.005645557306706905, -0.005363600328564644, -0.005081642884761095, -0.004799685440957546, -0.004517728462815285, -0.004235771484673023, -0.003953814040869474, -0.0036718568298965693, -0.003389899618923664, -0.003107942407950759, -0.0028259851969778538, -0.0025440279860049486, -0.0022620707750320435, -0.0019801135640591383, -0.0016981563530862331, -0.001416199142113328, -0.0011342419311404228, -0.0008522847201675177, -0.0005703275091946125, -0.00028837029822170734, -6.413087248802185e-06, 0.000275544123724103, 0.0005575013346970081, 0.0008394585456699133, 0.0011214157566428185, 0.0014033729676157236, 0.0016853301785886288, 0.001967287389561534, 0.002249244600534439, 0.0025312018115073442, 0.0028131590224802494, 0.0030951162334531546, 0.0033770734444260597, 0.003659030655398965, 0.00394098786637187, 0.004222945310175419, 0.00450490228831768, 0.004786859266459942, 0.005068816710263491, 0.0053507741540670395, 0.005632731132209301, 0.0059146881103515625, 0.006196645554155111, 0.00647860299795866, 0.006760559976100922, 0.007042516954243183, 0.007324474398046732, 0.007606431841850281, 0.007888388819992542, 0.008170345798134804, 0.00845230370759964, 0.008734260685741901, 0.009016217663884163]}, "gradients/fc4.weight": {"_type": "histogram", "values": [1.0, 0.0, 0.0, 0.0, 0.0, 1.0, 2.0, 0.0, 0.0, 0.0, 1.0, 1.0, 1.0, 4.0, 1.0, 1.0, 0.0, 3.0, 1.0, 1.0, 0.0, 1.0, 0.0, 2.0, 1.0, 0.0, 1.0, 0.0, 2.0, 3.0, 6.0, 22.0, 38.0, 6.0, 3.0, 2.0, 0.0, 1.0, 0.0, 1.0, 2.0, 0.0, 1.0, 0.0, 1.0, 0.0, 4.0, 0.0, 1.0, 1.0, 4.0, 1.0, 1.0, 1.0, 0.0, 0.0, 0.0, 1.0, 2.0, 0.0, 0.0, 0.0, 0.0, 1.0], "bins": [-0.005498403217643499, -0.005326700396835804, -0.005154997110366821, -0.004983294289559126, -0.004811591003090143, -0.004639888182282448, -0.004468184895813465, -0.00429648207500577, -0.004124779254198074, -0.003953076433390379, -0.0037813731469213963, -0.003609670326113701, -0.003437967272475362, -0.0032662642188370228, -0.0030945611651986837, -0.0029228581115603447, -0.0027511550579220057, -0.0025794520042836666, -0.0024077489506453276, -0.0022360458970069885, -0.002064343076199293, -0.001892640022560954, -0.001720936968922615, -0.0015492340316995978, -0.0013775309780612588, -0.0012058279244229198, -0.0010341249871999025, -0.0008624219335615635, -0.0006907189381308854, -0.0005190159427002072, -0.0003473128890618682, -0.00017560995183885098, -3.906898200511932e-06, 0.00016779611178208143, 0.0003394991217646748, 0.0005112021462991834, 0.0006829051417298615, 0.0008546081371605396, 0.0010263111907988787, 0.0011980141280218959, 0.001369717181660235, 0.001541420235298574, 0.0017131231725215912, 0.0018848262261599302, 0.0020565292797982693, 0.0022282321006059647, 0.0023999353870749474, 0.0025716382078826427, 0.002743341261520982, 0.002915044315159321, 0.00308674736879766, 0.003258450422435999, 0.0034301532432436943, 0.0036018562968820333, 0.0037735593505203724, 0.003945262171328068, 0.0041169654577970505, 0.004288668278604746, 0.0044603715650737286, 0.004632074385881424, 0.004803777672350407, 0.004975480493158102, 0.005147183313965797, 0.00531888660043478, 0.0054905894212424755]}, "gradients/fc3.0.bias": {"_type": "histogram", "values": [1.0, 0.0, 0.0, 0.0, 0.0, 0.0, 0.0, 1.0, 0.0, 0.0, 1.0, 0.0, 1.0, 0.0, 0.0, 0.0, 0.0, 1.0, 0.0, 0.0, 1.0, 0.0, 1.0, 1.0, 4.0, 0.0, 0.0, 0.0, 1.0, 2.0, 0.0, 0.0, 1.0, 0.0, 0.0, 0.0, 1.0, 0.0, 3.0, 0.0, 0.0, 1.0, 1.0, 0.0, 0.0, 0.0, 0.0, 0.0, 1.0, 1.0, 1.0, 0.0, 1.0, 3.0, 1.0, 0.0, 6.0, 13.0, 9.0, 2.0, 2.0, 0.0, 1.0, 1.0], "bins": [-0.00486687570810318, -0.004781690891832113, -0.004696505609899759, -0.004611320793628693, -0.004526135511696339, -0.004440950695425272, -0.004355765413492918, -0.004270580597221851, -0.004185395315289497, -0.004100210499018431, -0.004015025217086077, -0.00392984040081501, -0.003844655118882656, -0.0037594700697809458, -0.0036742850206792355, -0.003589100204408169, -0.0035039151553064585, -0.003418730106204748, -0.003333545057103038, -0.0032483600080013275, -0.003163174958899617, -0.003077989909797907, -0.00299280509352684, -0.0029076198115944862, -0.0028224349953234196, -0.0027372499462217093, -0.002652064897119999, -0.0025668798480182886, -0.0024816947989165783, -0.002396509749814868, -0.0023113247007131577, -0.002226139884442091, -0.002140954602509737, -0.0020557695534080267, -0.0019705845043063164, -0.001885399455204606, -0.0018002144061028957, -0.0017150293570011854, -0.001629844424314797, -0.0015446593752130866, -0.0014594744425266981, -0.0013742893934249878, -0.0012891043443232775, -0.0012039192952215672, -0.0011187342461198568, -0.0010335491970181465, -0.000948364264331758, -0.0008631792152300477, -0.0007779941079206765, -0.0006928090588189662, -0.0006076240679249167, -0.0005224390188232064, -0.0004372539697214961, -0.0003520689206197858, -0.0002668839297257364, -0.00018169888062402606, -9.651383152231574e-05, -1.132879697252065e-05, 7.385623757727444e-05, 0.0001590412575751543, 0.0002442263066768646, 0.00032941135577857494, 0.00041459634667262435, 0.0004997813957743347, 0.000584966444876045]}, "gradients/fc3.0.weight": {"_type": "histogram", "values": [1.0, 0.0, 0.0, 0.0, 0.0, 0.0, 0.0, 0.0, 1.0, 1.0, 0.0, 0.0, 0.0, 3.0, 1.0, 2.0, 3.0, 3.0, 1.0, 2.0, 4.0, 2.0, 4.0, 1.0, 3.0, 7.0, 6.0, 7.0, 4.0, 10.0, 8.0, 10.0, 12.0, 13.0, 13.0, 18.0, 17.0, 21.0, 16.0, 17.0, 33.0, 19.0, 21.0, 31.0, 33.0, 31.0, 46.0, 32.0, 56.0, 56.0, 60.0, 66.0, 87.0, 121.0, 156.0, 266.0, 891.0, 5728.0, 163.0, 49.0, 21.0, 8.0, 3.0, 4.0], "bins": [-0.002116275019943714, -0.0020792458672076464, -0.0020422167144715786, -0.0020051877945661545, -0.0019681586418300867, -0.001931129489094019, -0.0018941003363579512, -0.0018570711836218834, -0.0018200421473011374, -0.0017830129945650697, -0.0017459839582443237, -0.001708954805508256, -0.0016719256527721882, -0.0016348966164514422, -0.0015978674637153745, -0.0015608384273946285, -0.0015238092746585608, -0.001486780121922493, -0.001449751085601747, -0.0014127219328656793, -0.0013756927801296115, -0.0013386637438088655, -0.0013016345910727978, -0.00126460543833673, -0.0012275762856006622, -0.0011905471328645945, -0.0011535180965438485, -0.0011164889438077807, -0.001079459791071713, -0.001042430754750967, -0.0010054016020148993, -0.0009683725074864924, -0.0009313433547504246, -0.0008943142602220178, -0.00085728510748595, -0.0008202560129575431, -0.0007832269184291363, -0.0007461977656930685, -0.0007091686711646616, -0.0006721395766362548, -0.000635110423900187, -0.0005980813293717802, -0.0005610521766357124, -0.0005240230821073055, -0.00048699398757889867, -0.00044996486394666135, -0.00041293574031442404, -0.0003759066457860172, -0.0003388775512576103, -0.000301848427625373, -0.00026481933309696615, -0.00022779020946472883, -0.00019076110038440675, -0.00015373199130408466, -0.00011670286767184734, -7.967377314344049e-05, -4.264464951120317e-05, -5.615536792902276e-06, 3.141357592539862e-05, 6.844269228167832e-05, 0.0001054718013620004, 0.0001425009104423225, 0.0001795300340745598, 0.00021655912860296667, 0.000253588252235204]}, "gradients/fc2.0.bias": {"_type": "histogram",