{"Train Loss": 0.23524898308815945, "_timestamp": 1673373085.0492442, "_runtime": 20.285746097564697, "_step": 29, "Train AUC": 0.7638999055712936, "Validation Loss": 0.18772260371042387, "Val AUC": 0.763001742139909, "_wandb": {"runtime": 20}}